I_in_q15,Q_in_q15,I_ref,Q_ref,magnitude
8192,0,0,0,0
6698,4717,0,0,0
2760,7713,0,0,0
-2185,7895,0,0,0
-6333,5197,-2.52060551592659e-05,-8.32667268468867e-17,2.52060551592659e-05
-8170,603,0,0,0
-7027,-4212,0,0,0
-3320,-7489,0,0,0
1598,-8035,0,0,0
5933,-5649,0,0,0
8103,-1202,0,0,0
7317,3683,0,0,0
3862,7225,0,0,0
-1003,8130,0,0,0
-5501,6070,0,0,0
-7993,1795,0,0,0
-7568,-3135,0,0,0
-4383,-6921,0,0,0
402,-8182,0,0,0
5040,-6458,0,0,0
7839,-2378,-4.76819242376081e-05,-5.29378651374993e-17,4.76819242376081e-05
7779,2570,0,0,0
4880,6580,0,0,0
201,8190,0,0,0
-4551,6811,0,0,0
-7643,2948,0,0,0
-7946,-1990,0,0,0
-5351,-6203,0,0,0
-803,-8153,0,0,0
4038,-7128,0,0,0
7405,-3503,0,0,0
8071,1401,0,0,0
5793,5793,0,0,0
1401,8071,0,0,0
-3503,7405,0,0,0
-7128,4038,0,0,0
-8153,-803,-5.48470692188941e-05,1.28863357430533e-16,5.48470692188941e-05
-6203,-5351,0,0,0
-1990,-7946,0,0,0
2948,-7643,0,0,0
6811,-4551,0,0,0
8190,201,0,0,0
6580,4880,0,0,0
2570,7779,0,0,0
-2378,7839,0,0,0
-6458,5040,0,0,0
-8182,402,0,0,0
-6921,-4383,0,0,0
-3135,-7568,0,0,0
1795,-7993,0,0,0
6070,-5501,0,0,0
8130,-1003,0,0,0
7225,3862,3.79225434046867e-05,-5.9081692826195e-17,3.79225434046867e-05
3683,7317,0,0,0
-1202,8103,0,0,0
-5649,5933,0,0,0
-8035,1598,0,0,0
-7489,-3320,0,0,0
-4212,-7027,0,0,0
603,-8170,0,0,0
5197,-6333,0,0,0
7895,-2185,0,0,0
7713,2760,0,0,0
4717,6698,0,0,0
0,8192,0,0,0
-4717,6698,0,0,0
-7713,2760,0,0,0
-7895,-2185,0,0,0
-5197,-6333,6.72759735468248e-05,1.00751583289775e-16,6.72759735468248e-05
-603,-8170,0,0,0
4212,-7027,0,0,0
7489,-3320,0,0,0
8035,1598,0,0,0
5649,5933,0,0,0
1202,8103,0,0,0
-3683,7317,0,0,0
-7225,3862,0,0,0
-8130,-1003,0,0,0
-6070,-5501,0,0,0
-1795,-7993,0,0,0
3135,-7568,0,0,0
6921,-4383,0,0,0
8182,402,0,0,0
6458,5040,0,0,0
2378,7839,6.15426803967968e-05,-1.95373237236887e-16,6.15426803967968e-05
-2570,7779,0,0,0
-6580,4880,0,0,0
-8190,201,0,0,0
-6811,-4551,0,0,0
-2948,-7643,0,0,0
1990,-7946,0,0,0
6203,-5351,0,0,0
8153,-803,0,0,0
7128,4038,0,0,0
3503,7405,0,0,0
-1401,8071,0,0,0
-5793,5793,0,0,0
-8071,1401,0,0,0
-7405,-3503,0,0,0
-4038,-7128,0,0,0
803,-8153,8.00002336617192,1.38777878078145e-17,8.00002336617192
5351,-6203,0,0,0
7946,-1990,0,0,0
7643,2948,0,0,0
4551,6811,0,0,0
-201,8190,0,0,0
-4880,6580,0,0,0
-7779,2570,0,0,0
-7839,-2378,0,0,0
-5040,-6458,0,0,0
-402,-8182,0,0,0
4383,-6921,0,0,0
7568,-3135,0,0,0
7993,1795,0,0,0
5501,6070,0,0,0
1003,8130,0,0,0
-3862,7225,2.9704837958092e-06,1.98201637037189e-16,2.9704837958092e-06
-7317,3683,0,0,0
-8103,-1202,0,0,0
-5933,-5649,0,0,0
-1598,-8035,0,0,0
3320,-7489,0,0,0
7027,-4212,0,0,0
8170,603,0,0,0
6333,5197,0,0,0
2185,7895,0,0,0
-2760,7713,0,0,0
-6698,4717,0,0,0
-8192,0,0,0,0
-6698,-4717,0,0,0
-2760,-7713,0,0,0
2185,-7895,0,0,0
6333,-5197,1.6531175773086e-05,-1.68365798469187e-18,1.6531175773086e-05
8170,-603,0,0,0
7027,4212,0,0,0
3320,7489,0,0,0
-1598,8035,0,0,0
-5933,5649,0,0,0
-8103,1202,0,0,0
-7317,-3683,0,0,0
-3862,-7225,0,0,0
1003,-8130,0,0,0
5501,-6070,0,0,0
7993,-1795,0,0,0
7568,3135,0,0,0
4383,6921,0,0,0
-402,8182,0,0,0
-5040,6458,0,0,0
-7839,2378,-9.23044077213922e-06,3.0830286486412e-17,9.23044077213922e-06
-7779,-2570,0,0,0
-4880,-6580,0,0,0
-201,-8190,0,0,0
4551,-6811,0,0,0
7643,-2948,0,0,0
7946,1990,0,0,0
5351,6203,0,0,0
803,8153,0,0,0
-4038,7128,0,0,0
-7405,3503,0,0,0
-8071,-1401,0,0,0
-5793,-5793,0,0,0
-1401,-8071,0,0,0
3503,-7405,0,0,0
7128,-4038,0,0,0
8153,803,2.4281157159356e-06,-1.80411241501588e-16,2.4281157159356e-06
6203,5351,0,0,0
1990,7946,0,0,0
-2948,7643,0,0,0
-6811,4551,0,0,0
-8190,-201,0,0,0
-6580,-4880,0,0,0
-2570,-7779,0,0,0
2378,-7839,0,0,0
6458,-5040,0,0,0
8182,-402,0,0,0
6921,4383,0,0,0
3135,7568,0,0,0
-1795,7993,0,0,0
-6070,5501,0,0,0
-8130,1003,0,0,0
-7225,-3862,-7.42587061293342e-05,5.21427989222878e-17,7.42587061293342e-05
-3683,-7317,0,0,0
1202,-8103,0,0,0
5649,-5933,0,0,0
8035,-1598,0,0,0
7489,3320,0,0,0
4212,7027,0,0,0
-603,8170,0,0,0
-5197,6333,0,0,0
-7895,2185,0,0,0
-7713,-2760,0,0,0
-4717,-6698,0,0,0
-0,-8192,0,0,0
4717,-6698,0,0,0
7713,-2760,0,0,0
7895,2185,0,0,0
5197,6333,2.26805332293136e-05,-1.13724782251539e-16,2.26805332293136e-05
603,8170,0,0,0
-4212,7027,0,0,0
-7489,3320,0,0,0
-8035,-1598,0,0,0
-5649,-5933,0,0,0
-1202,-8103,0,0,0
3683,-7317,0,0,0
7225,-3862,0,0,0
8130,1003,0,0,0
6070,5501,0,0,0
1795,7993,0,0,0
-3135,7568,0,0,0
-6921,4383,0,0,0
-8182,-402,0,0,0
-6458,-5040,0,0,0
-2378,-7839,-3.77212198255024e-06,2.67190091212496e-17,3.77212198255024e-06
2570,-7779,0,0,0
6580,-4880,0,0,0
8190,-201,0,0,0
6811,4551,0,0,0
2948,7643,0,0,0
-1990,7946,0,0,0
-6203,5351,0,0,0
-8153,803,0,0,0
-7128,-4038,0,0,0
-3503,-7405,0,0,0
1401,-8071,0,0,0
5793,-5793,0,0,0
8071,-1401,0,0,0
7405,3503,0,0,0
4038,7128,0,0,0
-803,8153,-3.74629137814878e-05,-7.78169168642526e-18,3.74629137814878e-05
-5351,6203,0,0,0
-7946,1990,0,0,0
-7643,-2948,0,0,0
-4551,-6811,0,0,0
201,-8190,0,0,0
4880,-6580,0,0,0
7779,-2570,0,0,0
7839,2378,0,0,0
5040,6458,0,0,0
402,8182,0,0,0
-4383,6921,0,0,0
-7568,3135,0,0,0
-7993,-1795,0,0,0
-5501,-6070,0,0,0
-1003,-8130,0,0,0
3862,-7225,7.0678108247293e-05,2.97806688480953e-17,7.0678108247293e-05
7317,-3683,0,0,0
8103,1202,0,0,0
5933,5649,0,0,0
1598,8035,0,0,0
-3320,7489,0,0,0
-7027,4212,0,0,0
-8170,-603,0,0,0
-6333,-5197,0,0,0
-2185,-7895,0,0,0
2760,-7713,0,0,0
6698,-4717,0,0,0
8192,-0,0,0,0
6698,4717,0,0,0
2760,7713,0,0,0
-2185,7895,0,0,0
-6333,5197,-6.52551779263127e-05,1.80411241501588e-16,6.52551779263127e-05
-8170,603,0,0,0
-7027,-4212,0,0,0
-3320,-7489,0,0,0
1598,-8035,0,0,0
5933,-5649,0,0,0
8103,-1202,0,0,0
7317,3683,0,0,0
3862,7225,0,0,0
-1003,8130,0,0,0
-5501,6070,0,0,0
-7993,1795,0,0,0
-7568,-3135,0,0,0
-4383,-6921,0,0,0
402,-8182,0,0,0
5040,-6458,0,0,0
7839,-2378,2.98376571985475e-05,3.38415073416511e-17,2.98376571985475e-05
7779,2570,0,0,0
4880,6580,0,0,0
201,8190,0,0,0
-4551,6811,0,0,0
-7643,2948,0,0,0
-7946,-1990,0,0,0
-5351,-6203,0,0,0
-803,-8153,0,0,0
4038,-7128,0,0,0
7405,-3503,0,0,0
8071,1401,0,0,0
5793,5793,0,0,0
1401,8071,0,0,0
-3503,7405,0,0,0
-7128,4038,0,0,0
-8153,-803,1.78524420164191e-05,-8.89138955062312e-17,1.78524420164191e-05
-6203,-5351,0,0,0
-1990,-7946,0,0,0
2948,-7643,0,0,0
6811,-4551,0,0,0
8190,201,0,0,0
6580,4880,0,0,0
2570,7779,0,0,0
-2378,7839,0,0,0
-6458,5040,0,0,0
-8182,402,0,0,0
-6921,-4383,0,0,0
-3135,-7568,0,0,0
1795,-7993,0,0,0
6070,-5501,0,0,0
8130,-1003,0,0,0
7225,3862,-5.26728920141731e-05,7.58149418861293e-18,5.26728920141731e-05
3683,7317,0,0,0
-1202,8103,0,0,0
-5649,5933,0,0,0
-8035,1598,0,0,0
-7489,-3320,0,0,0
-4212,-7027,0,0,0
603,-8170,0,0,0
5197,-6333,0,0,0
7895,-2185,0,0,0
7713,2760,0,0,0
4717,6698,0,0,0
0,8192,0,0,0
-4717,6698,0,0,0
-7713,2760,0,0,0
-7895,-2185,0,0,0
-5197,-6333,4.00254889352693e-05,-7.16483782550646e-17,4.00254889352693e-05
-603,-8170,0,0,0
4212,-7027,0,0,0
7489,-3320,0,0,0
8035,1598,0,0,0
5649,5933,0,0,0
1202,8103,0,0,0
-3683,7317,0,0,0
-7225,3862,0,0,0
-8130,-1003,0,0,0
-6070,-5501,0,0,0
-1795,-7993,0,0,0
3135,-7568,0,0,0
6921,-4383,0,0,0
8182,402,0,0,0
6458,5040,0,0,0
2378,7839,-2.11341203461256e-05,1.36321540081097e-17,2.11341203461256e-05
-2570,7779,0,0,0
-6580,4880,0,0,0
-8190,201,0,0,0
-6811,-4551,0,0,0
-2948,-7643,0,0,0
1990,-7946,0,0,0
6203,-5351,0,0,0
8153,-803,0,0,0
7128,4038,0,0,0
3503,7405,0,0,0
-1401,8071,0,0,0
-5793,5793,0,0,0
-8071,1401,0,0,0
-7405,-3503,0,0,0
-4038,-7128,0,0,0
803,-8153,3.16441115637556e-05,-2.08166817117217e-16,3.16441115637556e-05
5351,-6203,0,0,0
7946,-1990,0,0,0
7643,2948,0,0,0
4551,6811,0,0,0
-201,8190,0,0,0
-4880,6580,0,0,0
-7779,2570,0,0,0
-7839,-2378,0,0,0
-5040,-6458,0,0,0
-402,-8182,0,0,0
4383,-6921,0,0,0
7568,-3135,0,0,0
7993,1795,0,0,0
5501,6070,0,0,0
1003,8130,0,0,0
-3862,7225,-2.06505807286479e-05,-2.51507867584033e-17,2.06505807286479e-05
-7317,3683,0,0,0
-8103,-1202,0,0,0
-5933,-5649,0,0,0
-1598,-8035,0,0,0
3320,-7489,0,0,0
7027,-4212,0,0,0
8170,603,0,0,0
6333,5197,0,0,0
2185,7895,0,0,0
-2760,7713,0,0,0
-6698,4717,0,0,0
-8192,0,0,0,0
-6698,-4717,0,0,0
-2760,-7713,0,0,0
2185,-7895,0,0,0
6333,-5197,-3.09051658805694e-05,-1.79424977488553e-17,3.09051658805694e-05
8170,-603,0,0,0
7027,4212,0,0,0
3320,7489,0,0,0
-1598,8035,0,0,0
-5933,5649,0,0,0
-8103,1202,0,0,0
-7317,-3683,0,0,0
-3862,-7225,0,0,0
1003,-8130,0,0,0
5501,-6070,0,0,0
7993,-1795,0,0,0
7568,3135,0,0,0
4383,6921,0,0,0
-402,8182,0,0,0
-5040,6458,0,0,0
-7839,2378,-6.33547577026837e-05,3.57631030072389e-17,6.33547577026837e-05
-7779,-2570,0,0,0
-4880,-6580,0,0,0
-201,-8190,0,0,0
4551,-6811,0,0,0
7643,-2948,0,0,0
7946,1990,0,0,0
5351,6203,0,0,0
803,8153,0,0,0
-4038,7128,0,0,0
-7405,3503,0,0,0
-8071,-1401,0,0,0
-5793,-5793,0,0,0
-1401,-8071,0,0,0
3503,-7405,0,0,0
7128,-4038,0,0,0
8153,803,-6.60395940128566e-05,-6.93889390390723e-17,6.60395940128566e-05
6203,5351,0,0,0
1990,7946,0,0,0
-2948,7643,0,0,0
-6811,4551,0,0,0
-8190,-201,0,0,0
-6580,-4880,0,0,0
-2570,-7779,0,0,0
2378,-7839,0,0,0
6458,-5040,0,0,0
8182,-402,0,0,0
6921,4383,0,0,0
3135,7568,0,0,0
-1795,7993,0,0,0
-6070,5501,0,0,0
-8130,1003,0,0,0
-7225,-3862,0.000101112933170446,-7.13087266067365e-18,0.000101112933170446
-3683,-7317,0,0,0
1202,-8103,0,0,0
5649,-5933,0,0,0
8035,-1598,0,0,0
7489,3320,0,0,0
4212,7027,0,0,0
-603,8170,0,0,0
-5197,6333,0,0,0
-7895,2185,0,0,0
-7713,-2760,0,0,0
-4717,-6698,0,0,0
-0,-8192,0,0,0
4717,-6698,0,0,0
7713,-2760,0,0,0
7895,2185,0,0,0
5197,6333,5.64284107471893e-05,-3.22740517019484e-17,5.64284107471893e-05
603,8170,0,0,0
-4212,7027,0,0,0
-7489,3320,0,0,0
-8035,-1598,0,0,0
-5649,-5933,0,0,0
-1202,-8103,0,0,0
3683,-7317,0,0,0
7225,-3862,0,0,0
8130,1003,0,0,0
6070,5501,0,0,0
1795,7993,0,0,0
-3135,7568,0,0,0
-6921,4383,0,0,0
-8182,-402,0,0,0
-6458,-5040,0,0,0
-2378,-7839,1.47669526011943e-06,-7.03226936116513e-18,1.47669526011943e-06
2570,-7779,0,0,0
6580,-4880,0,0,0
8190,-201,0,0,0
6811,4551,0,0,0
2948,7643,0,0,0
-1990,7946,0,0,0
-6203,5351,0,0,0
-8153,803,0,0,0
-7128,-4038,0,0,0
-3503,-7405,0,0,0
1401,-8071,0,0,0
5793,-5793,0,0,0
8071,-1401,0,0,0
7405,3503,0,0,0
4038,7128,0,0,0
-803,8153,-7.06257171714152e-05,1.22766414276197e-16,7.06257171714152e-05
-5351,6203,0,0,0
-7946,1990,0,0,0
-7643,-2948,0,0,0
-4551,-6811,0,0,0
201,-8190,0,0,0
4880,-6580,0,0,0
7779,-2570,0,0,0
7839,2378,0,0,0
5040,6458,0,0,0
402,8182,0,0,0
-4383,6921,0,0,0
-7568,3135,0,0,0
-7993,-1795,0,0,0
-5501,-6070,0,0,0
-1003,-8130,0,0,0
3862,-7225,2.25678192206874e-05,-1.30571754263437e-17,2.25678192206874e-05
7317,-3683,0,0,0
8103,1202,0,0,0
5933,5649,0,0,0
1598,8035,0,0,0
-3320,7489,0,0,0
-7027,4212,0,0,0
-8170,-603,0,0,0
-6333,-5197,0,0,0
-2185,-7895,0,0,0
2760,-7713,0,0,0
6698,-4717,0,0,0
8192,-0,0,0,0
6698,4717,0,0,0
2760,7713,0,0,0
-2185,7895,0,0,0
-6333,5197,5.03453843161972e-06,-2.77555756156289e-17,5.03453843161972e-06
-8170,603,0,0,0
-7027,-4212,0,0,0
-3320,-7489,0,0,0
1598,-8035,0,0,0
5933,-5649,0,0,0
8103,-1202,0,0,0
7317,3683,0,0,0
3862,7225,0,0,0
-1003,8130,0,0,0
-5501,6070,0,0,0
-7993,1795,0,0,0
-7568,-3135,0,0,0
-4383,-6921,0,0,0
402,-8182,0,0,0
5040,-6458,0,0,0
7839,-2378,-2.80183865622268e-05,2.2353199478041e-17,2.80183865622268e-05
7779,2570,0,0,0
4880,6580,0,0,0
201,8190,0,0,0
-4551,6811,0,0,0
-7643,2948,0,0,0
-7946,-1990,0,0,0
-5351,-6203,0,0,0
-803,-8153,0,0,0
4038,-7128,0,0,0
7405,-3503,0,0,0
8071,1401,0,0,0
5793,5793,0,0,0
1401,8071,0,0,0
-3503,7405,0,0,0
-7128,4038,0,0,0
-8153,-803,-4.74919869182077e-05,-4.55966305836462e-17,4.74919869182077e-05
-6203,-5351,0,0,0
-1990,-7946,0,0,0
2948,-7643,0,0,0
6811,-4551,0,0,0
8190,201,0,0,0
6580,4880,0,0,0
2570,7779,0,0,0
-2378,7839,0,0,0
-6458,5040,0,0,0
-8182,402,0,0,0
-6921,-4383,0,0,0
-3135,-7568,0,0,0
1795,-7993,0,0,0
6070,-5501,0,0,0
8130,-1003,0,0,0
7225,3862,-7.91665740605272e-05,-1.0234996823934e-17,7.91665740605272e-05
3683,7317,0,0,0
-1202,8103,0,0,0
-5649,5933,0,0,0
-8035,1598,0,0,0
-7489,-3320,0,0,0
-4212,-7027,0,0,0
603,-8170,0,0,0
5197,-6333,0,0,0
7895,-2185,0,0,0
7713,2760,0,0,0
4717,6698,0,0,0
0,8192,0,0,0
-4717,6698,0,0,0
-7713,2760,0,0,0
-7895,-2185,0,0,0
-5197,-6333,-5.24989313808081e-06,-1.72521574285196e-16,5.24989313808081e-06
-603,-8170,0,0,0
4212,-7027,0,0,0
7489,-3320,0,0,0
8035,1598,0,0,0
5649,5933,0,0,0
1202,8103,0,0,0
-3683,7317,0,0,0
-7225,3862,0,0,0
-8130,-1003,0,0,0
-6070,-5501,0,0,0
-1795,-7993,0,0,0
3135,-7568,0,0,0
6921,-4383,0,0,0
8182,402,0,0,0
6458,5040,0,0,0
2378,7839,6.88146788074266e-05,3.70695441486382e-17,6.88146788074266e-05
-2570,7779,0,0,0
-6580,4880,0,0,0
-8190,201,0,0,0
-6811,-4551,0,0,0
-2948,-7643,0,0,0
1990,-7946,0,0,0
6203,-5351,0,0,0
8153,-803,0,0,0
7128,4038,0,0,0
3503,7405,0,0,0
-1401,8071,0,0,0
-5793,5793,0,0,0
-8071,1401,0,0,0
-7405,-3503,0,0,0
-4038,-7128,0,0,0
803,-8153,-1.82335903531339e-05,1.38777878078145e-17,1.82335903531339e-05
5351,-6203,0,0,0
7946,-1990,0,0,0
7643,2948,0,0,0
4551,6811,0,0,0
-201,8190,0,0,0
-4880,6580,0,0,0
-7779,2570,0,0,0
-7839,-2378,0,0,0
-5040,-6458,0,0,0
-402,-8182,0,0,0
4383,-6921,0,0,0
7568,-3135,0,0,0
7993,1795,0,0,0
5501,6070,0,0,0
1003,8130,0,0,0
-3862,7225,4.99584605492393e-05,-3.89591178645429e-17,4.99584605492393e-05
-7317,3683,0,0,0
-8103,-1202,0,0,0
-5933,-5649,0,0,0
-1598,-8035,0,0,0
3320,-7489,0,0,0
7027,-4212,0,0,0
8170,603,0,0,0
6333,5197,0,0,0
2185,7895,0,0,0
-2760,7713,0,0,0
-6698,4717,0,0,0
-8192,0,0,0,0
-6698,-4717,0,0,0
-2760,-7713,0,0,0
2185,-7895,0,0,0
6333,-5197,7.47789859278833e-05,5.71948092159497e-17,7.47789859278833e-05
8170,-603,0,0,0
7027,4212,0,0,0
3320,7489,0,0,0
-1598,8035,0,0,0
-5933,5649,0,0,0
-8103,1202,0,0,0
-7317,-3683,0,0,0
-3862,-7225,0,0,0
1003,-8130,0,0,0
5501,-6070,0,0,0
7993,-1795,0,0,0
7568,3135,0,0,0
4383,6921,0,0,0
-402,8182,0,0,0
-5040,6458,0,0,0
-7839,2378,-8.42936663111192e-05,-1.06980073960718e-17,8.42936663111192e-05
-7779,-2570,0,0,0
-4880,-6580,0,0,0
-201,-8190,0,0,0
4551,-6811,0,0,0
7643,-2948,0,0,0
7946,1990,0,0,0
5351,6203,0,0,0
803,8153,0,0,0
-4038,7128,0,0,0
-7405,3503,0,0,0
-8071,-1401,0,0,0
-5793,-5793,0,0,0
-1401,-8071,0,0,0
3503,-7405,0,0,0
7128,-4038,0,0,0
8153,803,6.14560886885718e-05,2.63677968348475e-16,6.14560886885718e-05
6203,5351,0,0,0
1990,7946,0,0,0
-2948,7643,0,0,0
-6811,4551,0,0,0
-8190,-201,0,0,0
-6580,-4880,0,0,0
-2570,-7779,0,0,0
2378,-7839,0,0,0
6458,-5040,0,0,0
8182,-402,0,0,0
6921,4383,0,0,0
3135,7568,0,0,0
-1795,7993,0,0,0
-6070,5501,0,0,0
-8130,1003,0,0,0
-7225,-3862,-3.25060038827997e-05,3.23442508131658e-17,3.25060038827997e-05
-3683,-7317,0,0,0
1202,-8103,0,0,0
5649,-5933,0,0,0
8035,-1598,0,0,0
7489,3320,0,0,0
4212,7027,0,0,0
-603,8170,0,0,0
-5197,6333,0,0,0
-7895,2185,0,0,0
-7713,-2760,0,0,0
-4717,-6698,0,0,0
-0,-8192,0,0,0
4717,-6698,0,0,0
7713,-2760,0,0,0
7895,2185,0,0,0
5197,6333,-1.48029316137777e-05,4.19547912561178e-17,1.48029316137777e-05
603,8170,0,0,0
-4212,7027,0,0,0
-7489,3320,0,0,0
-8035,-1598,0,0,0
-5649,-5933,0,0,0
-1202,-8103,0,0,0
3683,-7317,0,0,0
7225,-3862,0,0,0
8130,1003,0,0,0
6070,5501,0,0,0
1795,7993,0,0,0
-3135,7568,0,0,0
-6921,4383,0,0,0
-8182,-402,0,0,0
-6458,-5040,0,0,0
-2378,-7839,-9.577607004298e-05,1.83977574474233e-17,9.577607004298e-05
2570,-7779,0,0,0
6580,-4880,0,0,0
8190,-201,0,0,0
6811,4551,0,0,0
2948,7643,0,0,0
-1990,7946,0,0,0
-6203,5351,0,0,0
-8153,803,0,0,0
-7128,-4038,0,0,0
-3503,-7405,0,0,0
1401,-8071,0,0,0
5793,-5793,0,0,0
8071,-1401,0,0,0
7405,3503,0,0,0
4038,7128,0,0,0
-803,8153,-2.27648634298868e-05,3.55372673020542e-17,2.27648634298868e-05
-5351,6203,0,0,0
-7946,1990,0,0,0
-7643,-2948,0,0,0
-4551,-6811,0,0,0
201,-8190,0,0,0
4880,-6580,0,0,0
7779,-2570,0,0,0
7839,2378,0,0,0
5040,6458,0,0,0
402,8182,0,0,0
-4383,6921,0,0,0
-7568,3135,0,0,0
-7993,-1795,0,0,0
-5501,-6070,0,0,0
-1003,-8130,0,0,0
3862,-7225,-3.29858866979196e-05,4.49842943844893e-18,3.29858866979196e-05
7317,-3683,0,0,0
8103,1202,0,0,0
5933,5649,0,0,0
1598,8035,0,0,0
-3320,7489,0,0,0
-7027,4212,0,0,0
-8170,-603,0,0,0
-6333,-5197,0,0,0
-2185,-7895,0,0,0
2760,-7713,0,0,0
6698,-4717,0,0,0
8192,-0,0,0,0
6698,4717,0,0,0
2760,7713,0,0,0
-2185,7895,0,0,0
-6333,5197,5.07096967456572e-05,-6.93889390390723e-17,5.07096967456572e-05
-8170,603,0,0,0
-7027,-4212,0,0,0
-3320,-7489,0,0,0
1598,-8035,0,0,0
5933,-5649,0,0,0
8103,-1202,0,0,0
7317,3683,0,0,0
3862,7225,0,0,0
-1003,8130,0,0,0
-5501,6070,0,0,0
-7993,1795,0,0,0
-7568,-3135,0,0,0
-4383,-6921,0,0,0
402,-8182,0,0,0
5040,-6458,0,0,0
7839,-2378,-6.83463177506703e-05,3.33011003213028e-17,6.83463177506703e-05
7779,2570,0,0,0
4880,6580,0,0,0
201,8190,0,0,0
-4551,6811,0,0,0
-7643,2948,0,0,0
-7946,-1990,0,0,0
-5351,-6203,0,0,0
-803,-8153,0,0,0
4038,-7128,0,0,0
7405,-3503,0,0,0
8071,1401,0,0,0
5793,5793,0,0,0
1401,8071,0,0,0
-3503,7405,0,0,0
-7128,4038,0,0,0
-8153,-803,4.12523089358577e-05,1.72180622353118e-16,4.12523089358577e-05
-6203,-5351,0,0,0
-1990,-7946,0,0,0
2948,-7643,0,0,0
6811,-4551,0,0,0
8190,201,0,0,0
6580,4880,0,0,0
2570,7779,0,0,0
-2378,7839,0,0,0
-6458,5040,0,0,0
-8182,402,0,0,0
-6921,-4383,0,0,0
-3135,-7568,0,0,0
1795,-7993,0,0,0
6070,-5501,0,0,0
8130,-1003,0,0,0
7225,3862,-8.14408877763942e-05,-2.43956936361314e-17,8.14408877763942e-05
3683,7317,0,0,0
-1202,8103,0,0,0
-5649,5933,0,0,0
-8035,1598,0,0,0
-7489,-3320,0,0,0
-4212,-7027,0,0,0
603,-8170,0,0,0
5197,-6333,0,0,0
7895,-2185,0,0,0
7713,2760,0,0,0
4717,6698,0,0,0
0,8192,0,0,0
-4717,6698,0,0,0
-7713,2760,0,0,0
-7895,-2185,0,0,0
-5197,-6333,5.34212466887179e-05,-7.86262356745455e-17,5.34212466887179e-05
-603,-8170,0,0,0
4212,-7027,0,0,0
7489,-3320,0,0,0
8035,1598,0,0,0
5649,5933,0,0,0
1202,8103,0,0,0
-3683,7317,0,0,0
-7225,3862,0,0,0
-8130,-1003,0,0,0
-6070,-5501,0,0,0
-1795,-7993,0,0,0
3135,-7568,0,0,0
6921,-4383,0,0,0
8182,402,0,0,0
6458,5040,0,0,0
2378,7839,-4.04647874518918e-05,-1.5851368819918e-17,4.04647874518918e-05
-2570,7779,0,0,0
-6580,4880,0,0,0
-8190,201,0,0,0
-6811,-4551,0,0,0
-2948,-7643,0,0,0
1990,-7946,0,0,0
6203,-5351,0,0,0
8153,-803,0,0,0
7128,4038,0,0,0
3503,7405,0,0,0
-1401,8071,0,0,0
-5793,5793,0,0,0
-8071,1401,0,0,0
-7405,-3503,0,0,0
-4038,-7128,0,0,0
803,-8153,6.572507111402e-05,2.35922392732846e-16,6.572507111402e-05
5351,-6203,0,0,0
7946,-1990,0,0,0
7643,2948,0,0,0
4551,6811,0,0,0
-201,8190,0,0,0
-4880,6580,0,0,0
-7779,2570,0,0,0
-7839,-2378,0,0,0
-5040,-6458,0,0,0
-402,-8182,0,0,0
4383,-6921,0,0,0
7568,-3135,0,0,0
7993,1795,0,0,0
5501,6070,0,0,0
1003,8130,0,0,0
-3862,7225,3.02574429208774e-05,-3.6617918798332e-17,3.02574429208774e-05
-7317,3683,0,0,0
-8103,-1202,0,0,0
-5933,-5649,0,0,0
-1598,-8035,0,0,0
3320,-7489,0,0,0
7027,-4212,0,0,0
8170,603,0,0,0
6333,5197,0,0,0
2185,7895,0,0,0
-2760,7713,0,0,0
-6698,4717,0,0,0
-8192,0,0,0,0
-6698,-4717,0,0,0
-2760,-7713,0,0,0
2185,-7895,0,0,0
6333,-5197,6.01306290641103e-05,-3.75686534824025e-17,6.01306290641103e-05
8170,-603,0,0,0
7027,4212,0,0,0
3320,7489,0,0,0
-1598,8035,0,0,0
-5933,5649,0,0,0
-8103,1202,0,0,0
-7317,-3683,0,0,0
-3862,-7225,0,0,0
1003,-8130,0,0,0
5501,-6070,0,0,0
7993,-1795,0,0,0
7568,3135,0,0,0
4383,6921,0,0,0
-402,8182,0,0,0
-5040,6458,0,0,0
-7839,2378,-2.84262791525753e-05,-5.80742510084244e-19,2.84262791525753e-05
-7779,-2570,0,0,0
-4880,-6580,0,0,0
-201,-8190,0,0,0
4551,-6811,0,0,0
7643,-2948,0,0,0
7946,1990,0,0,0
5351,6203,0,0,0
803,8153,0,0,0
-4038,7128,0,0,0
-7405,3503,0,0,0
-8071,-1401,0,0,0
-5793,-5793,0,0,0
-1401,-8071,0,0,0
3503,-7405,0,0,0
7128,-4038,0,0,0
8153,803,4.50780339211754e-05,1.52655665885959e-16,4.50780339211754e-05
6203,5351,0,0,0
1990,7946,0,0,0
-2948,7643,0,0,0
-6811,4551,0,0,0
-8190,-201,0,0,0
-6580,-4880,0,0,0
-2570,-7779,0,0,0
2378,-7839,0,0,0
6458,-5040,0,0,0
8182,-402,0,0,0
6921,4383,0,0,0
3135,7568,0,0,0
-1795,7993,0,0,0
-6070,5501,0,0,0
-8130,1003,0,0,0
-7225,-3862,6.42521237250534e-05,-2.42256916021599e-17,6.42521237250534e-05
-3683,-7317,0,0,0
1202,-8103,0,0,0
5649,-5933,0,0,0
8035,-1598,0,0,0
7489,3320,0,0,0
4212,7027,0,0,0
-603,8170,0,0,0
-5197,6333,0,0,0
-7895,2185,0,0,0
-7713,-2760,0,0,0
-4717,-6698,0,0,0
-0,-8192,0,0,0
4717,-6698,0,0,0
7713,-2760,0,0,0
7895,2185,0,0,0
5197,6333,5.3014233857947e-06,-1.18000562227662e-16,5.3014233857947e-06
603,8170,0,0,0
-4212,7027,0,0,0
-7489,3320,0,0,0
-8035,-1598,0,0,0
-5649,-5933,0,0,0
-1202,-8103,0,0,0
3683,-7317,0,0,0
7225,-3862,0,0,0
8130,1003,0,0,0
6070,5501,0,0,0
1795,7993,0,0,0
-3135,7568,0,0,0
-6921,4383,0,0,0
-8182,-402,0,0,0
-6458,-5040,0,0,0
-2378,-7839,9.26446911405638e-05,-2.40508553373985e-17,9.26446911405638e-05
2570,-7779,0,0,0
6580,-4880,0,0,0
8190,-201,0,0,0
6811,4551,0,0,0
2948,7643,0,0,0
-1990,7946,0,0,0
-6203,5351,0,0,0
-8153,803,0,0,0
-7128,-4038,0,0,0
-3503,-7405,0,0,0
1401,-8071,0,0,0
5793,-5793,0,0,0
8071,-1401,0,0,0
7405,3503,0,0,0
4038,7128,0,0,0
-803,8153,-1.89704353393917e-05,-9.50108386605676e-17,1.89704353393917e-05
-5351,6203,0,0,0
-7946,1990,0,0,0
-7643,-2948,0,0,0
-4551,-6811,0,0,0
201,-8190,0,0,0
4880,-6580,0,0,0
7779,-2570,0,0,0
7839,2378,0,0,0
5040,6458,0,0,0
402,8182,0,0,0
-4383,6921,0,0,0
-7568,3135,0,0,0
-7993,-1795,0,0,0
-5501,-6070,0,0,0
-1003,-8130,0,0,0
3862,-7225,-3.31209666475448e-05,-3.10786484121262e-17,3.31209666475448e-05
7317,-3683,0,0,0
8103,1202,0,0,0
5933,5649,0,0,0
1598,8035,0,0,0
-3320,7489,0,0,0
-7027,4212,0,0,0
-8170,-603,0,0,0
-6333,-5197,0,0,0
-2185,-7895,0,0,0
2760,-7713,0,0,0
6698,-4717,0,0,0
